{
  "nato": 5,
  "russia": 3,
  "total": 7,
  "lastVictory": {
    "faction": "RUSSIA",
    "timestamp": "2025-05-31T11:37:43.026Z",
    "id": 1748691463026
  },
  "firstVictory": "2025-05-28 22:54:32",
  "history": [
    {
      "faction": "RUSSIA",
      "timestamp": "2025-05-31T11:37:43.026Z",
      "id": 1748691463026
    },
    {
      "faction": "NATO",
      "timestamp": "2025-05-31T10:20:00.000Z",
      "id": 1748690839130
    },
    {
      "faction": "RUSSIA",
      "timestamp": "2025-05-31T10:10:00.000Z",
      "id": 1748690839018
    },
    {
      "faction": "NATO",
      "timestamp": "2025-05-31T10:00:00.000Z",
      "id": 1748690838899
    },
    {
      "faction": "RUSSIA",
      "timestamp": "2025-05-30 09:55:47"
    },
    {
      "faction": "NATO",
      "timestamp": "2025-05-29 07:02:36"
    },
    {
      "faction": "NATO",
      "timestamp": "2025-05-28 22:54:32"
    }
  ],
  "lastUpdated": "2025-06-01T18:34:30.109Z"
}